{"results":[{"id":1,"title":"Yeah The Girls","artist":"FISHER, MERYLL","release_date":"2022-09-02","createdAt":"2023-07-14T17:39:20.965Z","updatedAt":"2023-07-18T17:05:21.034Z","link":null,"image":{"id":5,"name":"Untitled design (1).jpg","alternativeText":null,"caption":null,"width":600,"height":600,"formats":{"small":{"ext":".jpg","url":"/uploads/small_Untitled_design_1_0a5b504fa0.jpg","hash":"small_Untitled_design_1_0a5b504fa0","mime":"image/jpeg","name":"small_Untitled design (1).jpg","path":null,"size":76.24,"width":500,"height":500},"thumbnail":{"ext":".jpg","url":"/uploads/thumbnail_Untitled_design_1_0a5b504fa0.jpg","hash":"thumbnail_Untitled_design_1_0a5b504fa0","mime":"image/jpeg","name":"thumbnail_Untitled design (1).jpg","path":null,"size":11.19,"width":156,"height":156}},"hash":"Untitled_design_1_0a5b504fa0","ext":".jpg","mime":"image/jpeg","size":102.93,"url":"/uploads/Untitled_design_1_0a5b504fa0.jpg","previewUrl":null,"provider":"local","provider_metadata":null,"folderPath":"/","createdAt":"2023-07-18T16:18:01.809Z","updatedAt":"2023-07-18T16:18:01.809Z"}},{"id":3,"title":"That's Life","artist":"FIDLAR","release_date":"2023-03-17","createdAt":"2023-07-18T17:58:16.028Z","updatedAt":"2023-07-18T23:39:09.408Z","link":null,"image":{"id":35,"name":"6.png","alternativeText":null,"caption":null,"width":600,"height":600,"formats":{"small":{"ext":".png","url":"/uploads/small_6_cbc9e59bc3.png","hash":"small_6_cbc9e59bc3","mime":"image/png","name":"small_6.png","path":null,"size":662.51,"width":500,"height":500},"thumbnail":{"ext":".png","url":"/uploads/thumbnail_6_cbc9e59bc3.png","hash":"thumbnail_6_cbc9e59bc3","mime":"image/png","name":"thumbnail_6.png","path":null,"size":67.27,"width":156,"height":156}},"hash":"6_cbc9e59bc3","ext":".png","mime":"image/png","size":252.76,"url":"/uploads/6_cbc9e59bc3.png","previewUrl":null,"provider":"local","provider_metadata":null,"folderPath":"/","createdAt":"2023-07-18T23:33:44.933Z","updatedAt":"2023-07-18T23:33:44.933Z"}},{"id":4,"title":"Sticky Thumb","artist":"Hether","release_date":"2021-01-15","createdAt":"2023-07-18T23:37:33.066Z","updatedAt":"2023-07-18T23:38:39.974Z","link":null,"image":{"id":32,"name":"14.png","alternativeText":null,"caption":null,"width":600,"height":600,"formats":{"small":{"ext":".png","url":"/uploads/small_14_c6aaae6bd6.png","hash":"small_14_c6aaae6bd6","mime":"image/png","name":"small_14.png","path":null,"size":580.22,"width":500,"height":500},"thumbnail":{"ext":".png","url":"/uploads/thumbnail_14_c6aaae6bd6.png","hash":"thumbnail_14_c6aaae6bd6","mime":"image/png","name":"thumbnail_14.png","path":null,"size":60.06,"width":156,"height":156}},"hash":"14_c6aaae6bd6","ext":".png","mime":"image/png","size":212.55,"url":"/uploads/14_c6aaae6bd6.png","previewUrl":null,"provider":"local","provider_metadata":null,"folderPath":"/","createdAt":"2023-07-18T23:33:43.477Z","updatedAt":"2023-07-18T23:33:43.477Z"}},{"id":5,"title":"GANGER","artist":"Veeze","release_date":"2023-06-27","createdAt":"2023-07-18T23:38:04.938Z","updatedAt":"2023-07-18T23:38:04.938Z","link":null,"image":{"id":29,"name":"3.png","alternativeText":null,"caption":null,"width":600,"height":600,"formats":{"small":{"ext":".png","url":"/uploads/small_3_0072f97595.png","hash":"small_3_0072f97595","mime":"image/png","name":"small_3.png","path":null,"size":486.43,"width":500,"height":500},"thumbnail":{"ext":".png","url":"/uploads/thumbnail_3_0072f97595.png","hash":"thumbnail_3_0072f97595","mime":"image/png","name":"thumbnail_3.png","path":null,"size":60.55,"width":156,"height":156}},"hash":"3_0072f97595","ext":".png","mime":"image/png","size":150.54,"url":"/uploads/3_0072f97595.png","previewUrl":null,"provider":"local","provider_metadata":null,"folderPath":"/","createdAt":"2023-07-18T23:33:43.165Z","updatedAt":"2023-07-18T23:33:43.165Z"}},{"id":6,"title":"Chrome Bull","artist":"Duckwrth","release_date":"2022-10-21","createdAt":"2023-07-18T23:40:06.617Z","updatedAt":"2023-07-18T23:40:06.617Z","link":null,"image":{"id":33,"name":"17.png","alternativeText":null,"caption":null,"width":600,"height":600,"formats":{"small":{"ext":".png","url":"/uploads/small_17_29cc646642.png","hash":"small_17_29cc646642","mime":"image/png","name":"small_17.png","path":null,"size":564.34,"width":500,"height":500},"thumbnail":{"ext":".png","url":"/uploads/thumbnail_17_29cc646642.png","hash":"thumbnail_17_29cc646642","mime":"image/png","name":"thumbnail_17.png","path":null,"size":58.37,"width":156,"height":156}},"hash":"17_29cc646642","ext":".png","mime":"image/png","size":215.49,"url":"/uploads/17_29cc646642.png","previewUrl":null,"provider":"local","provider_metadata":null,"folderPath":"/","createdAt":"2023-07-18T23:33:44.228Z","updatedAt":"2023-07-18T23:33:44.228Z"}},{"id":7,"title":"Love At First Fight","artist":"LANY","release_date":"2023-06-28","createdAt":"2023-07-18T23:40:36.403Z","updatedAt":"2023-07-18T23:40:36.403Z","link":null,"image":{"id":34,"name":"19.png","alternativeText":null,"caption":null,"width":600,"height":600,"formats":{"small":{"ext":".png","url":"/uploads/small_19_d2502712bf.png","hash":"small_19_d2502712bf","mime":"image/png","name":"small_19.png","path":null,"size":627.12,"width":500,"height":500},"thumbnail":{"ext":".png","url":"/uploads/thumbnail_19_d2502712bf.png","hash":"thumbnail_19_d2502712bf","mime":"image/png","name":"thumbnail_19.png","path":null,"size":56.75,"width":156,"height":156}},"hash":"19_d2502712bf","ext":".png","mime":"image/png","size":298.06,"url":"/uploads/19_d2502712bf.png","previewUrl":null,"provider":"local","provider_metadata":null,"folderPath":"/","createdAt":"2023-07-18T23:33:44.422Z","updatedAt":"2023-07-18T23:33:44.422Z"}},{"id":8,"title":"the mockingbird & THE CROW","artist":"HARDY","release_date":"2023-01-20","createdAt":"2023-07-18T23:41:17.356Z","updatedAt":"2023-07-18T23:41:17.356Z","link":null,"image":{"id":21,"name":"8.png","alternativeText":null,"caption":null,"width":600,"height":600,"formats":{"small":{"ext":".png","url":"/uploads/small_8_920cd69da9.png","hash":"small_8_920cd69da9","mime":"image/png","name":"small_8.png","path":null,"size":338.4,"width":500,"height":500},"thumbnail":{"ext":".png","url":"/uploads/thumbnail_8_920cd69da9.png","hash":"thumbnail_8_920cd69da9","mime":"image/png","name":"thumbnail_8.png","path":null,"size":38.15,"width":156,"height":156}},"hash":"8_920cd69da9","ext":".png","mime":"image/png","size":147.84,"url":"/uploads/8_920cd69da9.png","previewUrl":null,"provider":"local","provider_metadata":null,"folderPath":"/","createdAt":"2023-07-18T23:33:32.033Z","updatedAt":"2023-07-18T23:33:32.033Z"}},{"id":9,"title":"Depression Cherry","artist":"Beach House","release_date":"2015-08-28","createdAt":"2023-07-18T23:42:20.439Z","updatedAt":"2023-07-18T23:42:20.439Z","link":null,"image":{"id":24,"name":"11.png","alternativeText":null,"caption":null,"width":600,"height":600,"formats":{"small":{"ext":".png","url":"/uploads/small_11_3d878a09d6.png","hash":"small_11_3d878a09d6","mime":"image/png","name":"small_11.png","path":null,"size":273.86,"width":500,"height":500},"thumbnail":{"ext":".png","url":"/uploads/thumbnail_11_3d878a09d6.png","hash":"thumbnail_11_3d878a09d6","mime":"image/png","name":"thumbnail_11.png","path":null,"size":26.85,"width":156,"height":156}},"hash":"11_3d878a09d6","ext":".png","mime":"image/png","size":101.1,"url":"/uploads/11_3d878a09d6.png","previewUrl":null,"provider":"local","provider_metadata":null,"folderPath":"/","createdAt":"2023-07-18T23:33:37.904Z","updatedAt":"2023-07-18T23:33:37.904Z"}},{"id":10,"title":"Archives & Lullabies","artist":"Sabrina Claudio","release_date":"2023-02-10","createdAt":"2023-07-18T23:43:05.990Z","updatedAt":"2023-07-18T23:43:05.990Z","link":null,"image":{"id":27,"name":"20.png","alternativeText":null,"caption":null,"width":600,"height":600,"formats":{"small":{"ext":".png","url":"/uploads/small_20_d67b3aa03b.png","hash":"small_20_d67b3aa03b","mime":"image/png","name":"small_20.png","path":null,"size":485.97,"width":500,"height":500},"thumbnail":{"ext":".png","url":"/uploads/thumbnail_20_d67b3aa03b.png","hash":"thumbnail_20_d67b3aa03b","mime":"image/png","name":"thumbnail_20.png","path":null,"size":51.18,"width":156,"height":156}},"hash":"20_d67b3aa03b","ext":".png","mime":"image/png","size":166.71,"url":"/uploads/20_d67b3aa03b.png","previewUrl":null,"provider":"local","provider_metadata":null,"folderPath":"/","createdAt":"2023-07-18T23:33:42.543Z","updatedAt":"2023-07-18T23:33:42.543Z"}},{"id":11,"title":"ETA2 (Feat. Paris Texas)","artist":"Yeek","release_date":"2023-06-29","createdAt":"2023-07-18T23:43:53.059Z","updatedAt":"2023-07-18T23:43:53.059Z","link":null,"image":{"id":28,"name":"7.png","alternativeText":null,"caption":null,"width":600,"height":600,"formats":{"small":{"ext":".png","url":"/uploads/small_7_61e51166c3.png","hash":"small_7_61e51166c3","mime":"image/png","name":"small_7.png","path":null,"size":517.67,"width":500,"height":500},"thumbnail":{"ext":".png","url":"/uploads/thumbnail_7_61e51166c3.png","hash":"thumbnail_7_61e51166c3","mime":"image/png","name":"thumbnail_7.png","path":null,"size":59.9,"width":156,"height":156}},"hash":"7_61e51166c3","ext":".png","mime":"image/png","size":151.89,"url":"/uploads/7_61e51166c3.png","previewUrl":null,"provider":"local","provider_metadata":null,"folderPath":"/","createdAt":"2023-07-18T23:33:43.057Z","updatedAt":"2023-07-18T23:33:43.057Z"}},{"id":12,"title":"WASTELAND","artist":"Brent Faiyaz","release_date":"2022-07-08","createdAt":"2023-07-18T23:44:39.314Z","updatedAt":"2023-07-18T23:44:39.314Z","link":null,"image":{"id":6,"name":"wasteland.jpeg","alternativeText":null,"caption":null,"width":300,"height":300,"formats":{"thumbnail":{"ext":".jpeg","url":"/uploads/thumbnail_wasteland_8de7154fb9.jpeg","hash":"thumbnail_wasteland_8de7154fb9","mime":"image/jpeg","name":"thumbnail_wasteland.jpeg","path":null,"size":4.66,"width":156,"height":156}},"hash":"wasteland_8de7154fb9","ext":".jpeg","mime":"image/jpeg","size":11.7,"url":"/uploads/wasteland_8de7154fb9.jpeg","previewUrl":null,"provider":"local","provider_metadata":null,"folderPath":"/","createdAt":"2023-07-18T17:07:10.647Z","updatedAt":"2023-07-18T17:07:10.647Z"}},{"id":13,"title":"BACK ONLINE","artist":"Evan Giia, MEMBA, Pluko, Biicla","release_date":"2023-02-20","createdAt":"2023-07-18T23:45:54.334Z","updatedAt":"2023-07-18T23:45:54.334Z","link":null,"image":{"id":26,"name":"10.png","alternativeText":null,"caption":null,"width":600,"height":600,"formats":{"small":{"ext":".png","url":"/uploads/small_10_57f2f4e310.png","hash":"small_10_57f2f4e310","mime":"image/png","name":"small_10.png","path":null,"size":356.77,"width":500,"height":500},"thumbnail":{"ext":".png","url":"/uploads/thumbnail_10_57f2f4e310.png","hash":"thumbnail_10_57f2f4e310","mime":"image/png","name":"thumbnail_10.png","path":null,"size":40.28,"width":156,"height":156}},"hash":"10_57f2f4e310","ext":".png","mime":"image/png","size":125.44,"url":"/uploads/10_57f2f4e310.png","previewUrl":null,"provider":"local","provider_metadata":null,"folderPath":"/","createdAt":"2023-07-18T23:33:42.239Z","updatedAt":"2023-07-18T23:33:42.239Z"}},{"id":14,"title":"SATIN","artist":"Destin Conrad","release_date":"2022-11-11","createdAt":"2023-07-18T23:46:44.634Z","updatedAt":"2023-07-18T23:46:44.634Z","link":null,"image":{"id":20,"name":"5.png","alternativeText":null,"caption":null,"width":600,"height":600,"formats":{"small":{"ext":".png","url":"/uploads/small_5_abbf5ba4a3.png","hash":"small_5_abbf5ba4a3","mime":"image/png","name":"small_5.png","path":null,"size":263.97,"width":500,"height":500},"thumbnail":{"ext":".png","url":"/uploads/thumbnail_5_abbf5ba4a3.png","hash":"thumbnail_5_abbf5ba4a3","mime":"image/png","name":"thumbnail_5.png","path":null,"size":35.15,"width":156,"height":156}},"hash":"5_abbf5ba4a3","ext":".png","mime":"image/png","size":86.94,"url":"/uploads/5_abbf5ba4a3.png","previewUrl":null,"provider":"local","provider_metadata":null,"folderPath":"/","createdAt":"2023-07-18T23:33:30.860Z","updatedAt":"2023-07-18T23:33:30.860Z"}},{"id":15,"title":"Act Bad","artist":"Diddy, City Girls, Fabolous","release_date":"2023-05-26","createdAt":"2023-07-18T23:48:36.565Z","updatedAt":"2023-07-18T23:48:36.565Z","link":null,"image":{"id":36,"name":"Untitled design (7).png","alternativeText":null,"caption":null,"width":600,"height":600,"formats":{"small":{"ext":".png","url":"/uploads/small_Untitled_design_7_5e41b36f68.png","hash":"small_Untitled_design_7_5e41b36f68","mime":"image/png","name":"small_Untitled design (7).png","path":null,"size":581.9,"width":500,"height":500},"thumbnail":{"ext":".png","url":"/uploads/thumbnail_Untitled_design_7_5e41b36f68.png","hash":"thumbnail_Untitled_design_7_5e41b36f68","mime":"image/png","name":"thumbnail_Untitled design (7).png","path":null,"size":63.86,"width":156,"height":156}},"hash":"Untitled_design_7_5e41b36f68","ext":".png","mime":"image/png","size":206.82,"url":"/uploads/Untitled_design_7_5e41b36f68.png","previewUrl":null,"provider":"local","provider_metadata":null,"folderPath":"/","createdAt":"2023-07-18T23:48:09.029Z","updatedAt":"2023-07-18T23:48:09.029Z"}},{"id":16,"title":"FREAK (feat. jxdn)","artist":"Beauty School Dropout","release_date":"2023-02-24","createdAt":"2023-07-18T23:50:23.650Z","updatedAt":"2023-07-18T23:50:23.650Z","link":null,"image":{"id":19,"name":"15.png","alternativeText":null,"caption":null,"width":600,"height":600,"formats":{"small":{"ext":".png","url":"/uploads/small_15_1ead8a7afa.png","hash":"small_15_1ead8a7afa","mime":"image/png","name":"small_15.png","path":null,"size":253.26,"width":500,"height":500},"thumbnail":{"ext":".png","url":"/uploads/thumbnail_15_1ead8a7afa.png","hash":"thumbnail_15_1ead8a7afa","mime":"image/png","name":"thumbnail_15.png","path":null,"size":30.05,"width":156,"height":156}},"hash":"15_1ead8a7afa","ext":".png","mime":"image/png","size":98.64,"url":"/uploads/15_1ead8a7afa.png","previewUrl":null,"provider":"local","provider_metadata":null,"folderPath":"/","createdAt":"2023-07-18T23:33:30.195Z","updatedAt":"2023-07-18T23:33:30.195Z"}},{"id":17,"title":"Lake Missoula (feat. Mt. Joy)","artist":"Richy Mitch & The Coal Miners","release_date":"2023-06-08","createdAt":"2023-07-18T23:54:25.968Z","updatedAt":"2023-07-18T23:54:25.968Z","link":null,"image":{"id":37,"name":"Untitled design (8).png","alternativeText":null,"caption":null,"width":600,"height":600,"formats":{"small":{"ext":".png","url":"/uploads/small_Untitled_design_8_6416a2834a.png","hash":"small_Untitled_design_8_6416a2834a","mime":"image/png","name":"small_Untitled design (8).png","path":null,"size":646.29,"width":500,"height":500},"thumbnail":{"ext":".png","url":"/uploads/thumbnail_Untitled_design_8_6416a2834a.png","hash":"thumbnail_Untitled_design_8_6416a2834a","mime":"image/png","name":"thumbnail_Untitled design (8).png","path":null,"size":59.59,"width":156,"height":156}},"hash":"Untitled_design_8_6416a2834a","ext":".png","mime":"image/png","size":331.09,"url":"/uploads/Untitled_design_8_6416a2834a.png","previewUrl":null,"provider":"local","provider_metadata":null,"folderPath":"/","createdAt":"2023-07-18T23:53:23.767Z","updatedAt":"2023-07-18T23:53:23.767Z"}},{"id":18,"title":"Make Me Say It Again, Girl","artist":"Ronald Isley, The Isley Brothers, Beyoncé","release_date":"2022-08-12","createdAt":"2023-07-18T23:57:10.411Z","updatedAt":"2023-07-18T23:57:10.411Z","link":null,"image":{"id":22,"name":"21.png","alternativeText":null,"caption":null,"width":600,"height":600,"formats":{"small":{"ext":".png","url":"/uploads/small_21_a2698fddd3.png","hash":"small_21_a2698fddd3","mime":"image/png","name":"small_21.png","path":null,"size":370.05,"width":500,"height":500},"thumbnail":{"ext":".png","url":"/uploads/thumbnail_21_a2698fddd3.png","hash":"thumbnail_21_a2698fddd3","mime":"image/png","name":"thumbnail_21.png","path":null,"size":48.23,"width":156,"height":156}},"hash":"21_a2698fddd3","ext":".png","mime":"image/png","size":133.03,"url":"/uploads/21_a2698fddd3.png","previewUrl":null,"provider":"local","provider_metadata":null,"folderPath":"/","createdAt":"2023-07-18T23:33:34.438Z","updatedAt":"2023-07-18T23:33:34.438Z"}},{"id":19,"title":"Don't Wait Up","artist":"DRAMA","release_date":"2022-02-18","createdAt":"2023-07-18T23:57:50.276Z","updatedAt":"2023-07-18T23:57:50.276Z","link":null,"image":{"id":16,"name":"9.png","alternativeText":null,"caption":null,"width":600,"height":600,"formats":{"small":{"ext":".png","url":"/uploads/small_9_ac55738061.png","hash":"small_9_ac55738061","mime":"image/png","name":"small_9.png","path":null,"size":82.47,"width":500,"height":500},"thumbnail":{"ext":".png","url":"/uploads/thumbnail_9_ac55738061.png","hash":"thumbnail_9_ac55738061","mime":"image/png","name":"thumbnail_9.png","path":null,"size":12.06,"width":156,"height":156}},"hash":"9_ac55738061","ext":".png","mime":"image/png","size":24.49,"url":"/uploads/9_ac55738061.png","previewUrl":null,"provider":"local","provider_metadata":null,"folderPath":"/","createdAt":"2023-07-18T23:33:27.360Z","updatedAt":"2023-07-18T23:33:27.360Z"}},{"id":20,"title":"Pronounced Mcgee","artist":"Mk.gee","release_date":"2023-05-18","createdAt":"2023-07-19T00:02:15.120Z","updatedAt":"2023-07-19T00:02:15.120Z","link":null,"image":{"id":30,"name":"16.png","alternativeText":null,"caption":null,"width":600,"height":600,"formats":{"small":{"ext":".png","url":"/uploads/small_16_80837ce0d3.png","hash":"small_16_80837ce0d3","mime":"image/png","name":"small_16.png","path":null,"size":500.48,"width":500,"height":500},"thumbnail":{"ext":".png","url":"/uploads/thumbnail_16_80837ce0d3.png","hash":"thumbnail_16_80837ce0d3","mime":"image/png","name":"thumbnail_16.png","path":null,"size":57.67,"width":156,"height":156}},"hash":"16_80837ce0d3","ext":".png","mime":"image/png","size":154.67,"url":"/uploads/16_80837ce0d3.png","previewUrl":null,"provider":"local","provider_metadata":null,"folderPath":"/","createdAt":"2023-07-18T23:33:43.412Z","updatedAt":"2023-07-18T23:33:43.412Z"}},{"id":21,"title":"Jealous of Myself","artist":"Tenille Arts","release_date":"2022-10-14","createdAt":"2023-07-19T00:03:03.737Z","updatedAt":"2023-07-19T00:03:03.737Z","link":null,"image":{"id":18,"name":"4.png","alternativeText":null,"caption":null,"width":600,"height":600,"formats":{"small":{"ext":".png","url":"/uploads/small_4_0a0928a5a0.png","hash":"small_4_0a0928a5a0","mime":"image/png","name":"small_4.png","path":null,"size":186.23,"width":500,"height":500},"thumbnail":{"ext":".png","url":"/uploads/thumbnail_4_0a0928a5a0.png","hash":"thumbnail_4_0a0928a5a0","mime":"image/png","name":"thumbnail_4.png","path":null,"size":21.53,"width":156,"height":156}},"hash":"4_0a0928a5a0","ext":".png","mime":"image/png","size":75.05,"url":"/uploads/4_0a0928a5a0.png","previewUrl":null,"provider":"local","provider_metadata":null,"folderPath":"/","createdAt":"2023-07-18T23:33:28.668Z","updatedAt":"2023-07-18T23:33:28.668Z"}},{"id":22,"title":"Crying In The Shower","artist":"letdown.","release_date":"2023-02-24","createdAt":"2023-07-19T00:04:02.601Z","updatedAt":"2023-07-19T00:04:02.601Z","link":null,"image":{"id":17,"name":"13.png","alternativeText":null,"caption":null,"width":600,"height":600,"formats":{"small":{"ext":".png","url":"/uploads/small_13_5eb992bd73.png","hash":"small_13_5eb992bd73","mime":"image/png","name":"small_13.png","path":null,"size":74.28,"width":500,"height":500},"thumbnail":{"ext":".png","url":"/uploads/thumbnail_13_5eb992bd73.png","hash":"thumbnail_13_5eb992bd73","mime":"image/png","name":"thumbnail_13.png","path":null,"size":9.83,"width":156,"height":156}},"hash":"13_5eb992bd73","ext":".png","mime":"image/png","size":31.39,"url":"/uploads/13_5eb992bd73.png","previewUrl":null,"provider":"local","provider_metadata":null,"folderPath":"/","createdAt":"2023-07-18T23:33:27.405Z","updatedAt":"2023-07-18T23:33:27.405Z"}},{"id":23,"title":"To Be Continued...","artist":"Spencer Crandall, Shaylen","release_date":"2023-05-05","createdAt":"2023-07-19T00:04:42.830Z","updatedAt":"2023-07-19T00:04:42.830Z","link":null,"image":{"id":25,"name":"2.png","alternativeText":null,"caption":null,"width":600,"height":600,"formats":{"small":{"ext":".png","url":"/uploads/small_2_b7494f8e60.png","hash":"small_2_b7494f8e60","mime":"image/png","name":"small_2.png","path":null,"size":405.27,"width":500,"height":500},"thumbnail":{"ext":".png","url":"/uploads/thumbnail_2_b7494f8e60.png","hash":"thumbnail_2_b7494f8e60","mime":"image/png","name":"thumbnail_2.png","path":null,"size":48.84,"width":156,"height":156}},"hash":"2_b7494f8e60","ext":".png","mime":"image/png","size":137.08,"url":"/uploads/2_b7494f8e60.png","previewUrl":null,"provider":"local","provider_metadata":null,"folderPath":"/","createdAt":"2023-07-18T23:33:41.366Z","updatedAt":"2023-07-18T23:33:41.366Z"}},{"id":24,"title":"The Juice: Vol. III","artist":"Emotional Oranges","release_date":"2022-12-09","createdAt":"2023-07-19T00:14:06.844Z","updatedAt":"2023-07-19T00:14:14.965Z","link":null,"image":{"id":38,"name":"Untitled design (9).png","alternativeText":null,"caption":null,"width":600,"height":600,"formats":{"small":{"ext":".png","url":"/uploads/small_Untitled_design_9_44be36d6c3.png","hash":"small_Untitled_design_9_44be36d6c3","mime":"image/png","name":"small_Untitled design (9).png","path":null,"size":625.04,"width":500,"height":500},"thumbnail":{"ext":".png","url":"/uploads/thumbnail_Untitled_design_9_44be36d6c3.png","hash":"thumbnail_Untitled_design_9_44be36d6c3","mime":"image/png","name":"thumbnail_Untitled design (9).png","path":null,"size":68.29,"width":156,"height":156}},"hash":"Untitled_design_9_44be36d6c3","ext":".png","mime":"image/png","size":255.54,"url":"/uploads/Untitled_design_9_44be36d6c3.png","previewUrl":null,"provider":"local","provider_metadata":null,"folderPath":"/","createdAt":"2023-07-19T00:13:37.282Z","updatedAt":"2023-07-19T00:13:37.282Z"}},{"id":25,"title":"bag or die","artist":"bbno$","release_date":"2022-10-21","createdAt":"2023-07-19T00:15:59.279Z","updatedAt":"2023-07-19T00:15:59.279Z","link":null,"image":{"id":39,"name":"Untitled design (10).png","alternativeText":null,"caption":null,"width":600,"height":600,"formats":{"small":{"ext":".png","url":"/uploads/small_Untitled_design_10_19f97c7fe7.png","hash":"small_Untitled_design_10_19f97c7fe7","mime":"image/png","name":"small_Untitled design (10).png","path":null,"size":587.27,"width":500,"height":500},"thumbnail":{"ext":".png","url":"/uploads/thumbnail_Untitled_design_10_19f97c7fe7.png","hash":"thumbnail_Untitled_design_10_19f97c7fe7","mime":"image/png","name":"thumbnail_Untitled design (10).png","path":null,"size":57.65,"width":156,"height":156}},"hash":"Untitled_design_10_19f97c7fe7","ext":".png","mime":"image/png","size":238.93,"url":"/uploads/Untitled_design_10_19f97c7fe7.png","previewUrl":null,"provider":"local","provider_metadata":null,"folderPath":"/","createdAt":"2023-07-19T00:15:51.053Z","updatedAt":"2023-07-19T00:15:51.053Z"}},{"id":26,"title":"By the Time I Get to Phoenix","artist":"Injury Reserve","release_date":"2021-09-15","createdAt":"2023-07-19T19:22:29.283Z","updatedAt":"2023-07-19T19:22:29.283Z","link":null,"image":{"id":40,"name":"Untitled design (11).png","alternativeText":null,"caption":null,"width":600,"height":600,"formats":{"small":{"ext":".png","url":"/uploads/small_Untitled_design_11_788122f9b3.png","hash":"small_Untitled_design_11_788122f9b3","mime":"image/png","name":"small_Untitled design (11).png","path":null,"size":274.79,"width":500,"height":500},"thumbnail":{"ext":".png","url":"/uploads/thumbnail_Untitled_design_11_788122f9b3.png","hash":"thumbnail_Untitled_design_11_788122f9b3","mime":"image/png","name":"thumbnail_Untitled design (11).png","path":null,"size":35.82,"width":156,"height":156}},"hash":"Untitled_design_11_788122f9b3","ext":".png","mime":"image/png","size":91.68,"url":"/uploads/Untitled_design_11_788122f9b3.png","previewUrl":null,"provider":"local","provider_metadata":null,"folderPath":"/","createdAt":"2023-07-19T19:21:49.325Z","updatedAt":"2023-07-19T19:21:49.325Z"}},{"id":27,"title":"Too Late For Love","artist":"3LAU","release_date":"2022-11-25","createdAt":"2023-07-19T19:26:40.941Z","updatedAt":"2023-07-19T19:26:40.941Z","link":null,"image":{"id":41,"name":"Untitled design (12).png","alternativeText":null,"caption":null,"width":600,"height":600,"formats":{"small":{"ext":".png","url":"/uploads/small_Untitled_design_12_4c270a25b0.png","hash":"small_Untitled_design_12_4c270a25b0","mime":"image/png","name":"small_Untitled design (12).png","path":null,"size":396.05,"width":500,"height":500},"thumbnail":{"ext":".png","url":"/uploads/thumbnail_Untitled_design_12_4c270a25b0.png","hash":"thumbnail_Untitled_design_12_4c270a25b0","mime":"image/png","name":"thumbnail_Untitled design (12).png","path":null,"size":48.7,"width":156,"height":156}},"hash":"Untitled_design_12_4c270a25b0","ext":".png","mime":"image/png","size":79.24,"url":"/uploads/Untitled_design_12_4c270a25b0.png","previewUrl":null,"provider":"local","provider_metadata":null,"folderPath":"/","createdAt":"2023-07-19T19:26:30.224Z","updatedAt":"2023-07-19T19:26:30.224Z"}},{"id":28,"title":"Brighter Future 2","artist":"Big Gigantic","release_date":"2022-06-10","createdAt":"2023-07-19T19:32:04.307Z","updatedAt":"2023-07-19T19:32:04.307Z","link":null,"image":{"id":42,"name":"Untitled design (13).png","alternativeText":null,"caption":null,"width":600,"height":600,"formats":{"small":{"ext":".png","url":"/uploads/small_Untitled_design_13_e72126cb2d.png","hash":"small_Untitled_design_13_e72126cb2d","mime":"image/png","name":"small_Untitled design (13).png","path":null,"size":307.8,"width":500,"height":500},"thumbnail":{"ext":".png","url":"/uploads/thumbnail_Untitled_design_13_e72126cb2d.png","hash":"thumbnail_Untitled_design_13_e72126cb2d","mime":"image/png","name":"thumbnail_Untitled design (13).png","path":null,"size":36.77,"width":156,"height":156}},"hash":"Untitled_design_13_e72126cb2d","ext":".png","mime":"image/png","size":97.65,"url":"/uploads/Untitled_design_13_e72126cb2d.png","previewUrl":null,"provider":"local","provider_metadata":null,"folderPath":"/","createdAt":"2023-07-19T19:32:00.937Z","updatedAt":"2023-07-19T19:32:00.937Z"}}],"meta":{"page":1,"total":27,"pageSize":9999,"pageCount":1}}