{"results":[{"id":5,"title":"Stem Lines Up $250M for Artist Advances","date":"2023-07-11","createdAt":"2023-07-18T19:48:23.424Z","updatedAt":"2023-07-18T19:48:23.424Z","link":"https://www.billboard.com/pro/stem-raises-250-million-artist-advances/","logo":{"id":9,"name":"billboard.png","alternativeText":null,"caption":null,"width":2560,"height":539,"formats":{"large":{"ext":".png","url":"/uploads/large_billboard_cf411b8abc.png","hash":"large_billboard_cf411b8abc","mime":"image/png","name":"large_billboard.png","path":null,"size":25.06,"width":1000,"height":211},"small":{"ext":".png","url":"/uploads/small_billboard_cf411b8abc.png","hash":"small_billboard_cf411b8abc","mime":"image/png","name":"small_billboard.png","path":null,"size":11.16,"width":500,"height":105},"medium":{"ext":".png","url":"/uploads/medium_billboard_cf411b8abc.png","hash":"medium_billboard_cf411b8abc","mime":"image/png","name":"medium_billboard.png","path":null,"size":17.34,"width":750,"height":158},"thumbnail":{"ext":".png","url":"/uploads/thumbnail_billboard_cf411b8abc.png","hash":"thumbnail_billboard_cf411b8abc","mime":"image/png","name":"thumbnail_billboard.png","path":null,"size":5.21,"width":245,"height":52}},"hash":"billboard_cf411b8abc","ext":".png","mime":"image/png","size":17.77,"url":"/uploads/billboard_cf411b8abc.png","previewUrl":null,"provider":"local","provider_metadata":null,"folderPath":"/1","createdAt":"2023-07-18T19:42:48.499Z","updatedAt":"2023-07-18T19:42:48.499Z"}},{"id":6,"title":"It’s About Damn Time: Music Spending Is Hitting New Highs and DSPs Need To Catch Up","date":"2023-01-19","createdAt":"2023-07-18T19:49:09.930Z","updatedAt":"2023-07-18T19:49:09.930Z","link":"https://variety.com/2023/music/opinion/music-spending-hitting-new-highs-dsps-need-to-catch-up-guest-post-1235494303/","logo":{"id":11,"name":"variety.png","alternativeText":null,"caption":null,"width":1200,"height":362,"formats":{"large":{"ext":".png","url":"/uploads/large_variety_e25a8a53a9.png","hash":"large_variety_e25a8a53a9","mime":"image/png","name":"large_variety.png","path":null,"size":53.9,"width":1000,"height":302},"small":{"ext":".png","url":"/uploads/small_variety_e25a8a53a9.png","hash":"small_variety_e25a8a53a9","mime":"image/png","name":"small_variety.png","path":null,"size":22.59,"width":500,"height":151},"medium":{"ext":".png","url":"/uploads/medium_variety_e25a8a53a9.png","hash":"medium_variety_e25a8a53a9","mime":"image/png","name":"medium_variety.png","path":null,"size":35.4,"width":750,"height":226},"thumbnail":{"ext":".png","url":"/uploads/thumbnail_variety_e25a8a53a9.png","hash":"thumbnail_variety_e25a8a53a9","mime":"image/png","name":"thumbnail_variety.png","path":null,"size":10.15,"width":245,"height":74}},"hash":"variety_e25a8a53a9","ext":".png","mime":"image/png","size":12.21,"url":"/uploads/variety_e25a8a53a9.png","previewUrl":null,"provider":"local","provider_metadata":null,"folderPath":"/1","createdAt":"2023-07-18T19:42:48.748Z","updatedAt":"2023-07-18T19:42:48.748Z"}},{"id":7,"title":"Stem Grows Nashville Presence With Key Executive Hires","date":"2023-01-24","createdAt":"2023-07-18T19:49:44.574Z","updatedAt":"2023-07-18T21:56:17.548Z","link":"https://musicrow.com/2023/01/stem-grows-nashville-presence-with-key-executive-hires-exclusive/","logo":{"id":10,"name":"musicrow colored.png","alternativeText":null,"caption":null,"width":1000,"height":400,"formats":{"small":{"ext":".png","url":"/uploads/small_musicrow_colored_e6304c7340.png","hash":"small_musicrow_colored_e6304c7340","mime":"image/png","name":"small_musicrow colored.png","path":null,"size":14.04,"width":500,"height":200},"medium":{"ext":".png","url":"/uploads/medium_musicrow_colored_e6304c7340.png","hash":"medium_musicrow_colored_e6304c7340","mime":"image/png","name":"medium_musicrow colored.png","path":null,"size":26.74,"width":750,"height":300},"thumbnail":{"ext":".png","url":"/uploads/thumbnail_musicrow_colored_e6304c7340.png","hash":"thumbnail_musicrow_colored_e6304c7340","mime":"image/png","name":"thumbnail_musicrow colored.png","path":null,"size":7.21,"width":245,"height":98}},"hash":"musicrow_colored_e6304c7340","ext":".png","mime":"image/png","size":7.73,"url":"/uploads/musicrow_colored_e6304c7340.png","previewUrl":null,"provider":"local","provider_metadata":null,"folderPath":"/1","createdAt":"2023-07-18T19:42:48.503Z","updatedAt":"2023-07-18T19:42:48.503Z"}},{"id":8,"title":"Music Distribution and Payments Platform Stem Raises $20 Million in Fresh Funding Round","date":"2022-04-18","createdAt":"2023-07-18T19:50:40.003Z","updatedAt":"2023-07-18T22:01:42.568Z","link":"https://www.musicbusinessworldwide.com/music-distribution-and-payments-platform-stem-raises-20-million-in-fresh-funding-round/","logo":{"id":8,"name":"mbww colored.png","alternativeText":null,"caption":null,"width":1000,"height":206,"formats":{"small":{"ext":".png","url":"/uploads/small_mbww_colored_ad8725cd81.png","hash":"small_mbww_colored_ad8725cd81","mime":"image/png","name":"small_mbww colored.png","path":null,"size":17.78,"width":500,"height":103},"medium":{"ext":".png","url":"/uploads/medium_mbww_colored_ad8725cd81.png","hash":"medium_mbww_colored_ad8725cd81","mime":"image/png","name":"medium_mbww colored.png","path":null,"size":30.9,"width":750,"height":155},"thumbnail":{"ext":".png","url":"/uploads/thumbnail_mbww_colored_ad8725cd81.png","hash":"thumbnail_mbww_colored_ad8725cd81","mime":"image/png","name":"thumbnail_mbww colored.png","path":null,"size":8.79,"width":245,"height":50}},"hash":"mbww_colored_ad8725cd81","ext":".png","mime":"image/png","size":11.33,"url":"/uploads/mbww_colored_ad8725cd81.png","previewUrl":null,"provider":"local","provider_metadata":null,"folderPath":"/1","createdAt":"2023-07-18T19:42:47.851Z","updatedAt":"2023-07-18T19:42:47.851Z"}},{"id":9,"title":"‘Don’t Sell Your Sh-t Away’: Why a New Crop of Viral Acts Is Shunning Major Labels","date":"2022-01-06","createdAt":"2023-07-18T19:52:09.556Z","updatedAt":"2023-07-18T22:00:25.496Z","link":"https://www.rollingstone.com/music/music-features/viral-tik-tok-artists-shunning-major-labels-will-paquin-sonder-house-1278232/","logo":{"id":14,"name":"rolling stone.png","alternativeText":null,"caption":null,"width":2560,"height":454,"formats":{"large":{"ext":".png","url":"/uploads/large_rolling_stone_8eba79bca1.png","hash":"large_rolling_stone_8eba79bca1","mime":"image/png","name":"large_rolling stone.png","path":null,"size":40.88,"width":1000,"height":177},"small":{"ext":".png","url":"/uploads/small_rolling_stone_8eba79bca1.png","hash":"small_rolling_stone_8eba79bca1","mime":"image/png","name":"small_rolling stone.png","path":null,"size":18.86,"width":500,"height":89},"medium":{"ext":".png","url":"/uploads/medium_rolling_stone_8eba79bca1.png","hash":"medium_rolling_stone_8eba79bca1","mime":"image/png","name":"medium_rolling stone.png","path":null,"size":28.27,"width":750,"height":133},"thumbnail":{"ext":".png","url":"/uploads/thumbnail_rolling_stone_8eba79bca1.png","hash":"thumbnail_rolling_stone_8eba79bca1","mime":"image/png","name":"thumbnail_rolling stone.png","path":null,"size":8.24,"width":245,"height":43}},"hash":"rolling_stone_8eba79bca1","ext":".png","mime":"image/png","size":24.01,"url":"/uploads/rolling_stone_8eba79bca1.png","previewUrl":null,"provider":"local","provider_metadata":null,"folderPath":"/1","createdAt":"2023-07-18T19:51:50.573Z","updatedAt":"2023-07-18T19:51:50.573Z"}},{"id":10,"title":"Stem, Which Has Paid Out $180M in Royalties As of 2021, Bolsters Artist & Label Strategy Team","date":"2022-02-03","createdAt":"2023-07-18T19:52:43.000Z","updatedAt":"2023-07-18T21:59:59.004Z","link":"https://www.musicbusinessworldwide.com/stem-which-has-paid-out-180m-in-royalties-as-of-2021-bolsters-artist-label-strategy-team/","logo":{"id":8,"name":"mbww colored.png","alternativeText":null,"caption":null,"width":1000,"height":206,"formats":{"small":{"ext":".png","url":"/uploads/small_mbww_colored_ad8725cd81.png","hash":"small_mbww_colored_ad8725cd81","mime":"image/png","name":"small_mbww colored.png","path":null,"size":17.78,"width":500,"height":103},"medium":{"ext":".png","url":"/uploads/medium_mbww_colored_ad8725cd81.png","hash":"medium_mbww_colored_ad8725cd81","mime":"image/png","name":"medium_mbww colored.png","path":null,"size":30.9,"width":750,"height":155},"thumbnail":{"ext":".png","url":"/uploads/thumbnail_mbww_colored_ad8725cd81.png","hash":"thumbnail_mbww_colored_ad8725cd81","mime":"image/png","name":"thumbnail_mbww colored.png","path":null,"size":8.79,"width":245,"height":50}},"hash":"mbww_colored_ad8725cd81","ext":".png","mime":"image/png","size":11.33,"url":"/uploads/mbww_colored_ad8725cd81.png","previewUrl":null,"provider":"local","provider_metadata":null,"folderPath":"/1","createdAt":"2023-07-18T19:42:47.851Z","updatedAt":"2023-07-18T19:42:47.851Z"}},{"id":11,"title":"This Payments and Distribution Platform Used by Frank Ocean and…","date":"2021-09-12","createdAt":"2023-07-18T19:53:18.241Z","updatedAt":"2023-07-18T21:59:15.432Z","link":"https://www.businessinsider.com/stem-music-payment-distribution-platform-spotify-royalty-accounting-frank-ocean-2021-9","logo":{"id":12,"name":"business insider.png","alternativeText":null,"caption":null,"width":2560,"height":795,"formats":{"large":{"ext":".png","url":"/uploads/large_business_insider_77813f4bd4.png","hash":"large_business_insider_77813f4bd4","mime":"image/png","name":"large_business insider.png","path":null,"size":37.65,"width":1000,"height":311},"small":{"ext":".png","url":"/uploads/small_business_insider_77813f4bd4.png","hash":"small_business_insider_77813f4bd4","mime":"image/png","name":"small_business insider.png","path":null,"size":17.14,"width":500,"height":155},"medium":{"ext":".png","url":"/uploads/medium_business_insider_77813f4bd4.png","hash":"medium_business_insider_77813f4bd4","mime":"image/png","name":"medium_business insider.png","path":null,"size":25.92,"width":750,"height":233},"thumbnail":{"ext":".png","url":"/uploads/thumbnail_business_insider_77813f4bd4.png","hash":"thumbnail_business_insider_77813f4bd4","mime":"image/png","name":"thumbnail_business insider.png","path":null,"size":8.07,"width":245,"height":76}},"hash":"business_insider_77813f4bd4","ext":".png","mime":"image/png","size":27.56,"url":"/uploads/business_insider_77813f4bd4.png","previewUrl":null,"provider":"local","provider_metadata":null,"folderPath":"/1","createdAt":"2023-07-18T19:42:49.327Z","updatedAt":"2023-07-18T19:42:49.327Z"}},{"id":12,"title":"Stem Aims to Make Recoupment Accounting Easier and More Transparent...","date":"2021-08-26","createdAt":"2023-07-18T19:53:55.932Z","updatedAt":"2023-07-18T22:00:50.000Z","link":"https://www.complex.com/music/a/cmplxjoshua-espinoza/stem-introduces-recoup-rules-feature","logo":{"id":13,"name":"complex.png","alternativeText":null,"caption":null,"width":8091,"height":2083,"formats":{"large":{"ext":".png","url":"/uploads/large_complex_1d30895c8c.png","hash":"large_complex_1d30895c8c","mime":"image/png","name":"large_complex.png","path":null,"size":27.71,"width":1000,"height":257},"small":{"ext":".png","url":"/uploads/small_complex_1d30895c8c.png","hash":"small_complex_1d30895c8c","mime":"image/png","name":"small_complex.png","path":null,"size":11.22,"width":500,"height":129},"medium":{"ext":".png","url":"/uploads/medium_complex_1d30895c8c.png","hash":"medium_complex_1d30895c8c","mime":"image/png","name":"medium_complex.png","path":null,"size":18.68,"width":750,"height":193},"thumbnail":{"ext":".png","url":"/uploads/thumbnail_complex_1d30895c8c.png","hash":"thumbnail_complex_1d30895c8c","mime":"image/png","name":"thumbnail_complex.png","path":null,"size":5.19,"width":245,"height":63}},"hash":"complex_1d30895c8c","ext":".png","mime":"image/png","size":112.76,"url":"/uploads/complex_1d30895c8c.png","previewUrl":null,"provider":"local","provider_metadata":null,"folderPath":"/1","createdAt":"2023-07-18T19:42:53.750Z","updatedAt":"2023-07-18T19:42:53.750Z"}}],"meta":{"page":1,"total":8,"pageSize":9999,"pageCount":1}}